Raw EMG - Pod01,Raw EMG - Pod02,Raw EMG - Pod03,Raw EMG - Pod04,Raw EMG - Pod05,Raw EMG - Pod06,Raw EMG - Pod07,Raw EMG - Pod08,Timestamp
-1,-1,1,0,0,0,0,-3,2021-06-14 15:37:19.122
0,-3,-1,0,-1,0,0,-1,2021-06-14 15:37:19.148
0,-1,-2,-3,-1,-1,-2,0,2021-06-14 15:37:19.166
-2,-2,-1,1,0,-1,0,-3,2021-06-14 15:37:19.182
-1,1,2,1,-2,-2,-1,-1,2021-06-14 15:37:19.198
0,0,-1,-2,-1,-1,-2,-1,2021-06-14 15:37:19.216
-1,0,0,1,0,0,-3,-2,2021-06-14 15:37:19.253
-2,-1,0,1,0,-1,0,-1,2021-06-14 15:37:19.265
1,-2,0,-2,-1,0,0,-1,2021-06-14 15:37:19.308
1,-2,0,-2,-1,0,0,-1,2021-06-14 15:37:19.320
-1,1,-2,-1,0,0,0,-2,2021-06-14 15:37:19.334
-1,-2,-1,0,-1,1,-1,-1,2021-06-14 15:37:19.351
-1,-2,0,1,-1,0,1,0,2021-06-14 15:37:19.367
-1,0,-3,-1,0,0,-1,-1,2021-06-14 15:37:19.384
-1,0,-3,-1,0,0,-1,-1,2021-06-14 15:37:19.401
-1,-1,0,-1,-1,1,-3,-2,2021-06-14 15:37:19.417
0,-1,0,-1,-1,-1,1,0,2021-06-14 15:37:19.434
0,0,-2,-1,0,-1,-1,0,2021-06-14 15:37:19.450
-2,-2,0,-2,-1,2,0,-2,2021-06-14 15:37:19.469
-1,-1,1,-1,0,-1,0,0,2021-06-14 15:37:19.501
2,9,3,0,-2,-1,-1,-1,2021-06-14 15:37:19.516
-1,-4,-2,-1,-1,0,0,2,2021-06-14 15:37:19.534
0,-1,-3,-2,1,-2,0,0,2021-06-14 15:37:19.549
-3,-3,-3,-1,0,-1,-1,0,2021-06-14 15:37:19.566
1,-3,-3,0,-1,0,-1,1,2021-06-14 15:37:19.589
-1,-1,-2,-1,0,-3,-1,0,2021-06-14 15:37:19.599
-1,-1,-1,-2,0,0,1,-2,2021-06-14 15:37:19.617
-1,0,-1,-2,-2,1,-1,-1,2021-06-14 15:37:19.633
-2,-2,-2,0,-1,0,0,-1,2021-06-14 15:37:19.650
-2,-2,-2,0,-1,0,0,-1,2021-06-14 15:37:19.667
-1,-1,-1,-2,-1,-2,-1,1,2021-06-14 15:37:19.683
1,0,-1,0,-1,-2,0,-3,2021-06-14 15:37:19.716
-1,0,-1,-1,0,-1,-1,-1,2021-06-14 15:37:19.733
0,0,-1,0,0,-1,-2,-1,2021-06-14 15:37:19.751
-3,-2,0,-1,-3,-2,-2,-1,2021-06-14 15:37:19.766
-3,-2,0,-1,-3,-2,-2,-1,2021-06-14 15:37:19.783
-1,0,-2,-1,-1,0,0,-1,2021-06-14 15:37:19.800
0,0,-1,0,1,0,-2,1,2021-06-14 15:37:19.818
0,0,0,-1,-1,0,-1,-1,2021-06-14 15:37:19.835
0,-1,0,0,-1,-1,-1,1,2021-06-14 15:37:19.853
0,-2,-2,-1,-1,-1,0,0,2021-06-14 15:37:19.868
-2,-2,-2,-1,-2,1,0,-1,2021-06-14 15:37:19.886
-1,-1,-1,0,-1,-2,0,0,2021-06-14 15:37:19.917
-1,-1,-2,-2,-1,-1,-1,-3,2021-06-14 15:37:19.934
-1,-1,-2,-2,-1,-1,-1,-3,2021-06-14 15:37:19.950
-1,-2,-1,-1,0,2,-1,-3,2021-06-14 15:37:19.966
-2,0,-1,1,-3,-1,-1,-2,2021-06-14 15:37:19.985
1,0,-1,0,-2,-1,1,0,2021-06-14 15:37:20.000
-1,0,0,-1,-1,0,-3,0,2021-06-14 15:37:20.017
1,-2,-1,-1,0,-2,0,0,2021-06-14 15:37:20.034
0,0,-1,-3,-2,0,1,2,2021-06-14 15:37:20.052
0,0,-1,-3,-2,0,1,2,2021-06-14 15:37:20.066
1,0,1,-2,0,-2,0,-1,2021-06-14 15:37:20.084
-1,0,-1,1,-1,-1,0,-1,2021-06-14 15:37:20.102
0,-1,1,0,0,-2,-1,1,2021-06-14 15:37:20.134
-1,-2,-1,-2,-1,-1,-1,0,2021-06-14 15:37:20.149
-2,-2,-1,0,0,0,-1,-2,2021-06-14 15:37:20.166
0,-1,-1,-1,0,-1,-2,-1,2021-06-14 15:37:20.182
-1,1,1,-1,-1,0,1,-1,2021-06-14 15:37:20.201
-2,0,0,1,0,-2,-1,-2,2021-06-14 15:37:20.217
0,-1,-1,-2,-2,0,-1,-1,2021-06-14 15:37:20.235
0,-1,-1,-2,-2,0,-1,-1,2021-06-14 15:37:20.250
-1,0,0,0,-1,-2,0,-1,2021-06-14 15:37:20.266
-1,-2,0,-2,-1,-2,-2,-1,2021-06-14 15:37:20.284
0,-3,-1,-1,-1,-1,-1,-1,2021-06-14 15:37:20.300
-2,-1,-3,-1,-1,0,0,-1,2021-06-14 15:37:20.316
-2,-1,-2,-4,-3,0,1,-2,2021-06-14 15:37:20.351
-2,1,-1,0,0,-1,-1,-1,2021-06-14 15:37:20.367
-13,-4,1,1,1,1,2,1,2021-06-14 15:37:20.384
1,-1,-2,-2,-1,-1,-1,-1,2021-06-14 15:37:20.399
-1,0,-3,-1,-2,-3,-1,-2,2021-06-14 15:37:20.417
3,0,0,-2,0,1,-1,1,2021-06-14 15:37:20.444
-3,1,2,-1,0,-2,-2,0,2021-06-14 15:37:20.451
-2,-1,2,-1,-1,0,-1,-1,2021-06-14 15:37:20.467
0,0,-3,-2,0,-3,0,0,2021-06-14 15:37:20.484
0,0,0,-1,-2,0,-1,-1,2021-06-14 15:37:20.509
0,-1,1,-1,-1,-2,-1,-2,2021-06-14 15:37:20.518
-2,-2,0,-1,-1,-2,-3,-1,2021-06-14 15:37:20.567
-3,-1,-1,-2,0,1,0,-1,2021-06-14 15:37:20.600
0,0,-1,-2,0,-1,0,0,2021-06-14 15:37:20.616
-2,-1,-3,-1,0,0,1,-1,2021-06-14 15:37:20.635
0,0,-1,-1,-1,-1,-2,0,2021-06-14 15:37:20.650
0,0,-1,-1,-1,-1,-2,0,2021-06-14 15:37:20.668
-1,-1,1,0,-1,-1,-2,-4,2021-06-14 15:37:20.684
1,0,0,-1,-1,-1,0,0,2021-06-14 15:37:20.701
-2,-1,-1,0,0,-1,0,0,2021-06-14 15:37:20.717
0,0,0,-1,-1,0,0,1,2021-06-14 15:37:20.750
-1,-3,-1,-1,-2,-3,-1,1,2021-06-14 15:37:20.768
-1,0,-1,-1,-2,-2,-1,-1,2021-06-14 15:37:20.784
0,-1,-2,-1,-2,-1,-1,-1,2021-06-14 15:37:20.801
-1,0,0,-1,1,1,0,-3,2021-06-14 15:37:20.818
0,-1,0,-2,1,-1,-2,-2,2021-06-14 15:37:20.834
0,-1,0,-2,1,-1,-2,-2,2021-06-14 15:37:20.851
-1,-1,0,0,-2,-1,-1,0,2021-06-14 15:37:20.867
-1,-1,-1,0,0,0,1,1,2021-06-14 15:37:20.884
0,1,-1,-2,-1,-1,0,-1,2021-06-14 15:37:20.901
-2,0,0,0,0,0,0,0,2021-06-14 15:37:20.917
0,0,-1,0,-2,-2,-3,-2,2021-06-14 15:37:20.934
0,-3,1,0,-1,-2,0,0,2021-06-14 15:37:20.967
0,-1,1,-2,-1,0,-1,0,2021-06-14 15:37:20.985
0,-2,-2,-3,-1,0,-1,0,2021-06-14 15:37:21.001
-1,-2,0,0,-1,-1,0,-1,2021-06-14 15:37:21.018
0,0,-3,-1,0,-1,0,1,2021-06-14 15:37:21.035
0,0,-3,-1,0,-1,0,1,2021-06-14 15:37:21.051
-1,0,0,1,1,0,-1,0,2021-06-14 15:37:21.068
-1,-2,0,0,0,0,-1,-1,2021-06-14 15:37:21.085
0,-2,0,0,-2,-1,1,-1,2021-06-14 15:37:21.101
-2,-1,-1,-2,0,0,-2,-1,2021-06-14 15:37:21.117
-1,0,-1,-1,1,0,1,-1,2021-06-14 15:37:21.134
-1,1,0,0,-1,-3,-2,0,2021-06-14 15:37:21.167
0,0,0,0,-1,-2,2,-3,2021-06-14 15:37:21.185
-1,0,-1,-1,0,1,-1,-2,2021-06-14 15:37:21.201
0,0,-1,-1,-2,0,-1,-1,2021-06-14 15:37:21.217
-1,-2,-3,-2,0,-1,1,-1,2021-06-14 15:37:21.235
-2,0,-1,-1,-2,-1,-1,1,2021-06-14 15:37:21.251
0,-1,0,-1,-1,-2,-1,0,2021-06-14 15:37:21.268
-1,-1,-1,-1,-1,0,-1,-1,2021-06-14 15:37:21.285
0,-1,-3,0,-1,-1,-1,-1,2021-06-14 15:37:21.301
1,-1,0,0,0,1,0,0,2021-06-14 15:37:21.318
-1,-1,0,-1,-1,-3,-1,1,2021-06-14 15:37:21.334
-2,0,1,0,1,-1,-1,1,2021-06-14 15:37:21.368
-1,-1,-1,0,1,1,0,1,2021-06-14 15:37:21.385
0,0,-1,-2,0,0,-3,0,2021-06-14 15:37:21.401
-1,-2,-1,-1,-2,-1,1,-1,2021-06-14 15:37:21.417
1,-2,0,0,-3,0,-2,1,2021-06-14 15:37:21.435
-3,-2,-2,-2,-2,0,-1,0,2021-06-14 15:37:21.451
1,0,-1,-3,-1,0,0,1,2021-06-14 15:37:21.467
-2,-1,1,0,0,-1,-1,-1,2021-06-14 15:37:21.485
0,0,-2,0,-2,-2,-1,-1,2021-06-14 15:37:21.501
-1,-1,0,0,1,1,-1,0,2021-06-14 15:37:21.519
0,0,-2,0,0,-1,0,-2,2021-06-14 15:37:21.535
0,-2,-1,-1,0,-2,-1,-1,2021-06-14 15:37:21.568
-1,-1,2,0,-1,0,-2,-1,2021-06-14 15:37:21.584
0,1,-1,-1,-1,-2,-1,0,2021-06-14 15:37:21.603
0,-1,-1,0,-2,0,-1,0,2021-06-14 15:37:21.618
-2,-1,0,0,0,0,-2,-1,2021-06-14 15:37:21.636
-2,-1,0,0,0,0,-2,-1,2021-06-14 15:37:21.652
0,-1,-1,-1,-1,0,1,0,2021-06-14 15:37:21.668
-2,0,-1,0,-2,0,-1,-1,2021-06-14 15:37:21.685
-1,-2,-1,-1,1,0,0,-2,2021-06-14 15:37:21.701
1,0,-2,-1,0,-1,-1,-1,2021-06-14 15:37:21.718
1,0,-2,-1,0,-1,-1,-1,2021-06-14 15:37:21.734
-4,-2,-1,-2,0,1,-1,0,2021-06-14 15:37:21.752
-1,-2,-1,-2,0,-1,0,-1,2021-06-14 15:37:21.785
-1,0,-1,0,0,-1,0,-1,2021-06-14 15:37:21.802
1,-1,0,-3,0,0,-1,-1,2021-06-14 15:37:21.819
0,-1,0,1,-2,-2,-1,0,2021-06-14 15:37:21.835
0,-1,0,1,-2,-2,-1,0,2021-06-14 15:37:21.852
-1,-2,-1,2,-1,0,-1,-1,2021-06-14 15:37:21.868
-1,0,-1,-1,-1,-1,-1,1,2021-06-14 15:37:21.885
1,1,1,-1,-1,-1,-3,-1,2021-06-14 15:37:21.902
-2,-1,-1,0,-1,0,1,-1,2021-06-14 15:37:21.919
0,-1,-2,-1,-1,0,0,-1,2021-06-14 15:37:21.935
0,-1,-2,-1,-1,0,0,-1,2021-06-14 15:37:21.952
-1,-1,-2,0,0,0,-1,1,2021-06-14 15:37:21.969
-1,0,-1,-2,-1,-1,0,-2,2021-06-14 15:37:22.002
0,-2,0,-2,0,-1,0,-1,2021-06-14 15:37:22.019
0,-2,0,-2,0,-1,0,-1,2021-06-14 15:37:22.036
-1,-2,-1,-1,0,0,-2,1,2021-06-14 15:37:22.052
-1,-2,-1,-1,0,0,-2,1,2021-06-14 15:37:22.069
-1,1,-2,-1,-1,1,0,-4,2021-06-14 15:37:22.085
0,-1,1,-2,-1,-2,-1,-1,2021-06-14 15:37:22.103
-1,-1,-1,0,-2,-1,1,1,2021-06-14 15:37:22.119
-1,0,-2,-2,-1,-1,0,-2,2021-06-14 15:37:22.136
-1,0,-2,-2,-1,-1,0,-2,2021-06-14 15:37:22.152
-3,-2,0,0,0,-2,-1,-1,2021-06-14 15:37:22.169
-1,-1,-1,0,-2,0,-1,0,2021-06-14 15:37:22.202
0,0,0,0,1,0,-2,-1,2021-06-14 15:37:22.219
-1,0,0,-1,-1,1,-1,-1,2021-06-14 15:37:22.235
-1,0,0,-1,-1,1,-1,-1,2021-06-14 15:37:22.252
-1,-1,-1,0,1,0,-1,-1,2021-06-14 15:37:22.269
-1,-2,-2,-3,1,-2,1,-1,2021-06-14 15:37:22.286
0,-2,-1,-1,-1,0,0,-1,2021-06-14 15:37:22.302
0,-2,0,-1,-2,-1,-1,1,2021-06-14 15:37:22.318
0,-2,0,-1,-2,-1,-1,1,2021-06-14 15:37:22.336
-1,-1,-1,-1,-1,-2,-2,0,2021-06-14 15:37:22.353
-2,-2,-2,0,-1,0,0,-1,2021-06-14 15:37:22.369
0,-1,-1,-1,-1,-1,-1,0,2021-06-14 15:37:22.403
-2,-2,1,-1,-2,-1,1,-2,2021-06-14 15:37:22.420
0,-1,0,0,0,0,-1,-1,2021-06-14 15:37:22.436
0,-1,0,0,0,0,-1,-1,2021-06-14 15:37:22.452
0,0,0,0,-2,-2,0,0,2021-06-14 15:37:22.469
-1,-3,-1,1,1,-1,0,0,2021-06-14 15:37:22.485
0,-2,-2,0,1,0,-2,-1,2021-06-14 15:37:22.503
-1,-1,0,-1,-1,0,-2,-2,2021-06-14 15:37:22.519
1,-1,-1,-2,2,0,-1,-1,2021-06-14 15:37:22.536
0,-1,-1,-2,-2,-1,-1,0,2021-06-14 15:37:22.553
-1,0,-2,0,0,-1,-2,0,2021-06-14 15:37:22.570
-1,-1,-1,0,-2,0,0,-2,2021-06-14 15:37:22.603
-2,-1,-1,-2,-1,0,-2,-1,2021-06-14 15:37:22.619
-2,-1,-1,-2,-1,0,-2,-1,2021-06-14 15:37:22.636
-1,-1,0,0,1,0,-1,-1,2021-06-14 15:37:22.652
-1,-2,0,0,1,-3,-1,-3,2021-06-14 15:37:22.669
-1,-2,-3,-1,0,0,1,1,2021-06-14 15:37:22.686
-2,1,0,-2,-1,1,-1,-1,2021-06-14 15:37:22.703
-1,0,-1,-1,0,0,-1,-2,2021-06-14 15:37:22.720
1,-2,0,0,1,-1,0,-1,2021-06-14 15:37:22.736
1,-2,0,0,1,-1,0,-1,2021-06-14 15:37:22.752
0,1,-1,0,-2,0,-2,0,2021-06-14 15:37:22.770
0,-1,0,-1,-1,-1,0,0,2021-06-14 15:37:22.804
-1,0,0,-1,-2,-1,-1,-2,2021-06-14 15:37:22.820
-1,0,0,-1,-2,-1,-1,-2,2021-06-14 15:37:22.836
0,0,-2,-1,0,-1,-1,0,2021-06-14 15:37:22.852
1,-1,1,0,0,-2,-1,0,2021-06-14 15:37:22.870
-1,0,-1,-2,-1,-1,-1,0,2021-06-14 15:37:22.886
-2,-1,-3,-1,0,-1,-1,-1,2021-06-14 15:37:22.904
1,-2,-1,0,0,0,1,-1,2021-06-14 15:37:22.920
0,-2,-2,-1,-1,-2,-2,-1,2021-06-14 15:37:22.937
0,-1,1,0,-2,0,-1,-1,2021-06-14 15:37:22.953
-1,0,-2,0,0,-1,-2,0,2021-06-14 15:37:22.970
-1,1,-1,0,-1,-1,-1,-1,2021-06-14 15:37:22.986
-1,-1,-1,-1,-1,0,0,-2,2021-06-14 15:37:23.020
0,0,0,0,-2,1,-2,-1,2021-06-14 15:37:23.036
0,0,0,0,-2,1,-2,-1,2021-06-14 15:37:23.053
-1,0,0,-2,0,-1,-2,-1,2021-06-14 15:37:23.069
0,-1,-1,0,1,-2,0,0,2021-06-14 15:37:23.087
-1,-1,-3,-1,-2,0,0,-1,2021-06-14 15:37:23.104
-2,-2,0,-1,-1,-2,0,0,2021-06-14 15:37:23.120
-2,-2,0,-1,-1,-2,0,0,2021-06-14 15:37:23.136
-2,-1,-3,0,-1,0,1,0,2021-06-14 15:37:23.154
0,-2,0,0,-1,-1,0,0,2021-06-14 15:37:23.170
1,-2,-2,-3,0,-1,1,0,2021-06-14 15:37:23.186
-1,1,0,-1,-2,-1,0,0,2021-06-14 15:37:23.220
0,-1,-3,-1,0,1,0,1,2021-06-14 15:37:23.236
-1,-1,1,-2,-1,-2,0,0,2021-06-14 15:37:23.253
-1,-1,0,-1,0,-1,-2,-3,2021-06-14 15:37:23.269
1,0,-1,-1,0,-1,-1,1,2021-06-14 15:37:23.286
0,0,1,0,1,0,-2,-1,2021-06-14 15:37:23.304
-1,0,0,0,0,0,-2,-1,2021-06-14 15:37:23.321
-2,-2,1,-2,-1,0,0,0,2021-06-14 15:37:23.336
0,0,0,0,-1,0,1,-1,2021-06-14 15:37:23.354
-1,-1,-2,-1,-1,0,-1,-1,2021-06-14 15:37:23.371
0,0,-2,1,0,1,-1,-2,2021-06-14 15:37:23.387
-1,-2,0,1,-1,0,0,-1,2021-06-14 15:37:23.421
-1,-2,0,1,-1,0,0,-1,2021-06-14 15:37:23.437
0,0,-1,0,-2,-1,0,0,2021-06-14 15:37:23.454
-1,-1,-1,1,-1,0,-1,-1,2021-06-14 15:37:23.469
0,-1,-1,-1,-1,0,-1,-1,2021-06-14 15:37:23.486
-2,-2,0,-2,-1,-2,0,0,2021-06-14 15:37:23.504
1,-1,-1,-1,1,0,-1,-2,2021-06-14 15:37:23.521
0,-1,-1,-2,0,-1,-1,0,2021-06-14 15:37:23.537
0,-1,-1,-2,0,-1,-1,0,2021-06-14 15:37:23.554
-1,-2,0,0,-1,0,1,1,2021-06-14 15:37:23.570
-1,0,-1,-2,-1,-1,-2,0,2021-06-14 15:37:23.588
-1,-1,-1,0,0,0,0,-1,2021-06-14 15:37:23.621
0,-1,-1,2,1,-2,1,0,2021-06-14 15:37:23.636
-2,1,-1,-1,0,0,-2,0,2021-06-14 15:37:23.655
0,-2,-1,0,-1,-2,1,0,2021-06-14 15:37:23.671
-1,-1,0,-1,0,0,-1,-1,2021-06-14 15:37:23.687
-1,0,0,-2,-1,-1,0,-1,2021-06-14 15:37:23.705
-2,0,0,0,-2,1,-1,-1,2021-06-14 15:37:23.721
-2,0,0,0,-2,1,-1,-1,2021-06-14 15:37:23.737
-2,-1,-1,-1,-1,0,-2,-1,2021-06-14 15:37:23.754
0,-1,-1,0,-1,-2,0,-1,2021-06-14 15:37:23.770
-1,-1,-1,0,-2,-1,2,0,2021-06-14 15:37:23.787
-1,-4,0,0,-1,0,-2,0,2021-06-14 15:37:23.804
0,0,-1,-1,1,1,0,0,2021-06-14 15:37:23.838
0,0,-1,-1,1,1,0,0,2021-06-14 15:37:23.854
-1,0,-1,-1,-1,-2,-1,0,2021-06-14 15:37:23.870
1,0,-1,-1,-2,-2,-2,-1,2021-06-14 15:37:23.887
-1,0,-1,-1,1,-1,-1,0,2021-06-14 15:37:23.905
0,-2,-1,0,-1,-1,-1,-2,2021-06-14 15:37:23.921
0,-2,-1,0,-1,-1,-1,-2,2021-06-14 15:37:23.937
-1,-2,-1,0,-1,-1,0,-1,2021-06-14 15:37:23.954
-1,0,0,-2,0,1,-1,-1,2021-06-14 15:37:23.971
0,0,0,1,-1,-2,-3,-1,2021-06-14 15:37:23.987
-1,1,-2,1,0,-1,1,0,2021-06-14 15:37:24.005
-1,-1,0,-1,-1,-1,-1,0,2021-06-14 15:37:24.038
-1,-1,0,-1,-1,1,-1,-1,2021-06-14 15:37:24.054
0,0,-1,-2,0,-1,-1,0,2021-06-14 15:37:24.072
-2,-2,-1,-1,0,0,0,-1,2021-06-14 15:37:24.086
0,1,-1,-1,0,0,0,0,2021-06-14 15:37:24.104
0,1,-1,-1,0,0,0,0,2021-06-14 15:37:24.121
-1,0,1,-1,-1,0,0,-1,2021-06-14 15:37:24.137
-1,0,1,-1,-1,0,0,-1,2021-06-14 15:37:24.155
0,0,-2,0,-2,-1,-1,1,2021-06-14 15:37:24.171
0,-1,-1,-1,-1,-1,-1,-1,2021-06-14 15:37:24.188
-2,0,-2,0,0,-1,0,-2,2021-06-14 15:37:24.205
-1,-2,-2,-2,-1,-2,-2,0,2021-06-14 15:37:24.238
-1,-1,-1,0,0,0,-1,0,2021-06-14 15:37:24.255
1,1,-1,-1,0,-2,0,-1,2021-06-14 15:37:24.271
-1,0,0,0,-2,0,-1,0,2021-06-14 15:37:24.287
0,0,2,-1,-1,-1,0,0,2021-06-14 15:37:24.306
0,0,-1,1,-1,-1,0,-1,2021-06-14 15:37:24.322
-2,0,0,-1,-1,1,-1,0,2021-06-14 15:37:24.338
0,-2,0,0,-2,-2,-1,-2,2021-06-14 15:37:24.355
0,0,-1,0,-1,-2,0,0,2021-06-14 15:37:24.372
-1,-1,0,-1,1,-1,0,-3,2021-06-14 15:37:24.388
0,-1,0,-1,1,0,-1,0,2021-06-14 15:37:24.405
-2,-2,-3,-2,-3,-2,-3,-4,2021-06-14 15:37:24.438
-4,-3,-1,0,-2,-1,-4,-4,2021-06-14 15:37:24.455
0,0,-2,0,0,-1,0,2,2021-06-14 15:37:24.472
-3,2,0,1,1,-2,-3,-6,2021-06-14 15:37:24.487
-3,-4,-3,-2,-2,-2,-2,1,2021-06-14 15:37:24.505
-5,-4,-2,0,-2,-7,-12,-6,2021-06-14 15:37:24.522
-5,-4,-2,0,-2,-7,-12,-6,2021-06-14 15:37:24.538
-3,-1,1,0,-5,-13,-15,-11,2021-06-14 15:37:24.555
2,-1,-2,-3,-2,4,4,-5,2021-06-14 15:37:24.572
4,1,-1,-2,-1,5,13,14,2021-06-14 15:37:24.588
-5,-2,-3,-2,-3,2,14,-3,2021-06-14 15:37:24.605
0,-4,-3,-3,-2,-7,-9,-5,2021-06-14 15:37:24.638
3,0,4,2,0,3,0,10,2021-06-14 15:37:24.654
3,6,2,-1,-7,-25,-6,12,2021-06-14 15:37:24.671
4,1,0,1,2,4,-5,5,2021-06-14 15:37:24.688
5,-1,0,0,5,17,10,10,2021-06-14 15:37:24.707
-3,2,0,2,2,-3,-5,-12,2021-06-14 15:37:24.722
-3,2,0,2,2,-3,-5,-12,2021-06-14 15:37:24.738
2,0,1,1,7,20,11,-1,2021-06-14 15:37:24.755
-3,-4,-4,-3,-4,-24,-7,-5,2021-06-14 15:37:24.772
-6,-4,-4,-4,-4,12,-10,-12,2021-06-14 15:37:24.788
-5,-6,-4,-4,-7,-13,-38,-16,2021-06-14 15:37:24.805
-5,-2,-1,-8,-22,-46,-34,-12,2021-06-14 15:37:24.822
8,2,2,6,14,32,40,24,2021-06-14 15:37:24.855
-5,-2,-3,-1,-2,-12,-31,-18,2021-06-14 15:37:24.872
1,-1,0,-1,-1,3,17,10,2021-06-14 15:37:24.889
1,-1,0,-1,-1,3,17,10,2021-06-14 15:37:24.904
-4,-3,-2,-2,2,24,6,-3,2021-06-14 15:37:24.922
-6,3,2,2,-1,-8,-30,-28,2021-06-14 15:37:24.939
-15,-10,-9,-8,-11,-29,-38,-31,2021-06-14 15:37:24.956
12,6,4,4,6,14,39,26,2021-06-14 15:37:24.972
8,-2,-2,-1,3,10,23,27,2021-06-14 15:37:24.989
4,-2,0,0,-1,-5,0,13,2021-06-14 15:37:25.005
-8,2,2,1,0,5,2,-20,2021-06-14 15:37:25.022
-5,-1,-3,-3,-4,-10,-16,-10,2021-06-14 15:37:25.055
6,6,4,2,-2,-1,16,7,2021-06-14 15:37:25.073
-14,-5,-5,-5,-12,-32,-44,-32,2021-06-14 15:37:25.089
5,3,2,2,5,7,12,12,2021-06-14 15:37:25.106
-6,-3,-4,-3,2,6,-5,-14,2021-06-14 15:37:25.122
-6,-3,-4,-3,2,6,-5,-14,2021-06-14 15:37:25.139
5,3,4,-1,4,1,5,13,2021-06-14 15:37:25.156
-4,-3,-3,-2,-2,-3,-10,-11,2021-06-14 15:37:25.172
3,0,-2,0,0,6,13,7,2021-06-14 15:37:25.189
-6,-5,-4,-2,-4,-14,-21,-10,2021-06-14 15:37:25.206
-6,-5,-4,-2,-4,-14,-21,-10,2021-06-14 15:37:25.222
-4,2,-1,1,-4,-6,-12,-10,2021-06-14 15:37:25.239
-3,-6,-4,-4,-4,-4,-6,-2,2021-06-14 15:37:25.273
-10,-8,-5,-2,-2,-2,-14,-14,2021-06-14 15:37:25.288
-1,-1,-1,-4,-5,-4,-7,-2,2021-06-14 15:37:25.306
-1,2,2,3,2,5,7,0,2021-06-14 15:37:25.322
-1,2,2,3,2,5,7,0,2021-06-14 15:37:25.339
-9,-3,-3,-5,-3,0,-3,-14,2021-06-14 15:37:25.356
-4,-2,-2,-1,0,-4,-10,-7,2021-06-14 15:37:25.372
-3,0,-2,0,0,-4,-3,-10,2021-06-14 15:37:25.389
2,1,0,1,1,3,4,2,2021-06-14 15:37:25.407
4,-1,-1,-2,0,10,20,16,2021-06-14 15:37:25.423
-10,-1,-2,-3,-5,-8,-20,-21,2021-06-14 15:37:25.439
-7,-4,-4,-4,-5,-7,-16,-14,2021-06-14 15:37:25.473
11,6,5,3,2,4,17,18,2021-06-14 15:37:25.489
5,1,1,0,1,4,11,11,2021-06-14 15:37:25.506
5,1,1,0,1,4,11,11,2021-06-14 15:37:25.522
1,1,0,0,2,0,-1,-2,2021-06-14 15:37:25.540
-1,1,-1,0,1,-2,-7,-3,2021-06-14 15:37:25.556
2,1,1,1,0,-1,1,1,2021-06-14 15:37:25.572
-6,1,1,-2,-4,-3,-3,-12,2021-06-14 15:37:25.590
-6,1,1,-2,-4,-3,-3,-12,2021-06-14 15:37:25.606
-2,0,-2,1,0,-6,-14,-6,2021-06-14 15:37:25.623
-2,0,-2,1,0,-6,-14,-6,2021-06-14 15:37:25.640
-4,-2,-1,-3,-2,-4,-6,-4,2021-06-14 15:37:25.673
3,-2,-1,0,2,-9,-17,-4,2021-06-14 15:37:25.689
1,-2,-1,-1,0,5,10,8,2021-06-14 15:37:25.706
1,-2,-1,-1,0,5,10,8,2021-06-14 15:37:25.722
-4,1,1,-1,-1,-1,-1,-5,2021-06-14 15:37:25.739
-4,-1,-2,0,0,-6,-20,-10,2021-06-14 15:37:25.757
5,-1,-1,0,1,17,32,16,2021-06-14 15:37:25.773
-4,0,1,0,-1,-14,-30,-15,2021-06-14 15:37:25.789
-6,-3,-3,-3,-3,-5,-17,-9,2021-06-14 15:37:25.806
-6,-3,-3,-3,-3,-5,-17,-9,2021-06-14 15:37:25.824
0,-1,-2,0,-2,3,8,3,2021-06-14 15:37:25.840
-7,0,-1,0,-2,-11,-19,-18,2021-06-14 15:37:25.873
1,0,-1,0,1,2,4,4,2021-06-14 15:37:25.890
1,0,-1,0,1,2,4,4,2021-06-14 15:37:25.907
-10,-2,-3,-4,-5,-4,-8,-18,2021-06-14 15:37:25.923
-10,-2,-3,-4,-5,-4,-8,-18,2021-06-14 15:37:25.939
3,-1,0,0,1,-1,1,1,2021-06-14 15:37:25.957
-1,0,1,0,0,1,3,2,2021-06-14 15:37:25.973
1,0,0,-2,-3,-2,2,3,2021-06-14 15:37:25.990
3,-2,-1,0,0,4,15,8,2021-06-14 15:37:26.006
3,-2,-1,0,0,4,15,8,2021-06-14 15:37:26.023
-4,-2,-2,-1,-2,-5,-10,-9,2021-06-14 15:37:26.039
-6,-4,-4,-3,-6,-8,-12,-9,2021-06-14 15:37:26.056
-3,-1,-1,-1,0,1,-4,-8,2021-06-14 15:37:26.090
7,0,-1,0,2,6,11,10,2021-06-14 15:37:26.106
7,0,-1,0,2,6,11,10,2021-06-14 15:37:26.123
1,-3,-1,-2,-1,-6,-27,-7,2021-06-14 15:37:26.139
2,1,1,1,1,1,3,5,2021-06-14 15:37:26.156
3,-1,1,1,4,2,4,4,2021-06-14 15:37:26.173
-4,-1,-4,-1,-3,-3,-7,-7,2021-06-14 15:37:26.190
0,-2,-2,-2,-1,6,12,5,2021-06-14 15:37:26.207
-4,-2,-2,-1,-2,-5,-9,-8,2021-06-14 15:37:26.223
1,-2,-2,-2,0,5,11,5,2021-06-14 15:37:26.240
-3,-2,-2,-2,-2,-4,-7,-4,2021-06-14 15:37:26.257
0,-2,0,-1,0,0,-1,0,2021-06-14 15:37:26.290
-6,0,1,-4,-6,-12,-11,-16,2021-06-14 15:37:26.307
-6,0,1,-4,-6,-12,-11,-16,2021-06-14 15:37:26.324
4,1,2,1,3,7,13,8,2021-06-14 15:37:26.339
2,2,2,5,1,-4,-10,3,2021-06-14 15:37:26.357
-3,-5,-4,-1,0,-2,-2,1,2021-06-14 15:37:26.374
-5,-2,-2,-4,-5,-6,-4,-6,2021-06-14 15:37:26.390
-7,-5,-5,-5,-3,5,4,-9,2021-06-14 15:37:26.406
2,1,2,0,-1,-1,-4,0,2021-06-14 15:37:26.424
3,1,0,1,11,20,17,10,2021-06-14 15:37:26.441
-3,4,2,4,2,4,-27,-21,2021-06-14 15:37:26.456
-1,0,0,2,2,-3,-17,-4,2021-06-14 15:37:26.474
-2,-1,-4,-2,-4,-6,4,-1,2021-06-14 15:37:26.508
-2,-1,-4,-2,-4,-6,4,-1,2021-06-14 15:37:26.523
-1,-3,-1,0,-4,-9,-4,-4,2021-06-14 15:37:26.540
2,-1,-3,-1,-3,-2,9,11,2021-06-14 15:37:26.556
0,-5,-6,-7,-5,1,9,7,2021-06-14 15:37:26.574
1,2,3,0,1,-2,0,-2,2021-06-14 15:37:26.591
-1,-2,-2,-3,-4,-4,-12,-5,2021-06-14 15:37:26.607
-1,-2,-2,-3,-4,-4,-12,-5,2021-06-14 15:37:26.624
0,0,0,0,-1,-1,3,4,2021-06-14 15:37:26.641
-12,-5,-6,-10,-12,-18,-23,-22,2021-06-14 15:37:26.657
5,4,2,5,6,9,18,12,2021-06-14 15:37:26.674
-8,-1,-1,-1,0,1,0,-13,2021-06-14 15:37:26.707
8,1,2,3,4,8,16,17,2021-06-14 15:37:26.725
8,1,2,3,4,8,16,17,2021-06-14 15:37:26.741
-5,-4,-2,-1,0,3,4,3,2021-06-14 15:37:26.756
-8,-6,-3,0,1,2,-1,-1,2021-06-14 15:37:26.773
5,4,0,-2,0,5,9,8,2021-06-14 15:37:26.791
-1,-2,-2,0,-3,-3,1,-2,2021-06-14 15:37:26.808
-1,-2,-2,0,-3,-3,1,-2,2021-06-14 15:37:26.824
3,-1,2,2,2,4,3,5,2021-06-14 15:37:26.841
1,0,-1,-1,0,0,0,-2,2021-06-14 15:37:26.857
1,2,1,4,1,-3,-11,-9,2021-06-14 15:37:26.875
-4,1,0,-4,-5,-13,-23,-12,2021-06-14 15:37:26.907
-4,1,0,-4,-5,-13,-23,-12,2021-06-14 15:37:26.924
13,6,2,0,2,6,17,18,2021-06-14 15:37:26.941
25,9,-5,-3,-3,3,13,18,2021-06-14 15:37:26.957
-20,-4,-9,0,2,-1,-3,-14,2021-06-14 15:37:26.974
18,-13,-17,-32,-22,0,9,16,2021-06-14 15:37:26.991
18,-13,-17,-32,-22,0,9,16,2021-06-14 15:37:27.007
44,13,-1,-9,-2,-26,-20,-3,2021-06-14 15:37:27.025
44,13,-1,-9,-2,-26,-20,-3,2021-06-14 15:37:27.042
-101,-81,45,88,15,5,-25,-61,2021-06-14 15:37:27.057
29,78,-8,-14,11,25,30,8,2021-06-14 15:37:27.075
-103,-57,-72,-71,-55,14,-39,-44,2021-06-14 15:37:27.091
31,84,60,62,43,60,69,14,2021-06-14 15:37:27.125
-119,51,62,45,13,-6,-36,-32,2021-06-14 15:37:27.141
107,43,-20,-41,4,-24,26,43,2021-06-14 15:37:27.158
-11,-7,-21,-38,-27,-54,-40,-2,2021-06-14 15:37:27.173
-64,-124,-20,12,20,41,53,23,2021-06-14 15:37:27.191
45,93,-16,-24,-12,-7,-36,5,2021-06-14 15:37:27.208
-56,-27,17,47,16,43,43,-5,2021-06-14 15:37:27.224
18,0,-20,-45,-26,-38,-45,-18,2021-06-14 15:37:27.241
98,42,-5,-5,-1,-5,17,40,2021-06-14 15:37:27.257
2,15,17,7,-21,-86,-76,-15,2021-06-14 15:37:27.275
70,36,7,-4,-15,-89,-80,-64,2021-06-14 15:37:27.291
70,36,7,-4,-15,-89,-80,-64,2021-06-14 15:37:27.307
-74,-24,-7,9,4,85,60,4,2021-06-14 15:37:27.342
-4,0,-21,-31,-42,-80,-53,-74,2021-06-14 15:37:27.358
21,32,23,-4,43,109,109,54,2021-06-14 15:37:27.375
2,-13,-33,-17,-30,-54,-61,-9,2021-06-14 15:37:27.390
74,78,33,6,40,112,60,19,2021-06-14 15:37:27.408
74,78,33,6,40,112,60,19,2021-06-14 15:37:27.424
26,-9,5,-4,2,-2,78,70,2021-06-14 15:37:27.442
12,-22,-43,-47,-7,41,3,13,2021-06-14 15:37:27.458
-80,-111,27,76,4,-101,-56,37,2021-06-14 15:37:27.475
-80,-111,27,76,4,-101,-56,37,2021-06-14 15:37:27.492
21,36,-20,-47,-49,-45,-92,-60,2021-06-14 15:37:27.509
-60,12,45,50,9,17,8,-36,2021-06-14 15:37:27.544
60,38,0,-7,19,39,-11,-21,2021-06-14 15:37:27.558
-13,-59,-47,-30,2,2,7,10,2021-06-14 15:37:27.575
-40,18,37,43,14,-34,-46,-36,2021-06-14 15:37:27.591
-40,18,37,43,14,-34,-46,-36,2021-06-14 15:37:27.608
60,39,4,-11,-26,-35,-2,20,2021-06-14 15:37:27.625
-30,-3,-11,-25,-52,-88,-78,-37,2021-06-14 15:37:27.642
88,31,-10,-22,14,49,64,37,2021-06-14 15:37:27.658
20,30,-7,-44,-33,-26,-32,-11,2021-06-14 15:37:27.675
66,6,-43,-24,-9,-27,-22,29,2021-06-14 15:37:27.692
-10,-56,9,16,-24,-9,-36,33,2021-06-14 15:37:27.709
-27,6,3,-17,-4,-25,0,-30,2021-06-14 15:37:27.742
-32,-23,-13,-5,5,-8,-30,-1,2021-06-14 15:37:27.758
5,-7,24,29,15,18,-4,-37,2021-06-14 15:37:27.775
23,30,-7,-9,11,33,51,7,2021-06-14 15:37:27.791
23,30,-7,-9,11,33,51,7,2021-06-14 15:37:27.809
-27,5,21,20,-7,-26,-40,-30,2021-06-14 15:37:27.825
24,-16,21,28,60,99,123,103,2021-06-14 15:37:27.842
-88,-30,-44,-50,-32,1,20,21,2021-06-14 15:37:27.858
24,14,19,26,12,15,-65,-47,2021-06-14 15:37:27.876
-27,-75,-33,-5,-32,-56,-14,-21,2021-06-14 15:37:27.892
-2,10,-19,-25,-20,-19,-18,-4,2021-06-14 15:37:27.909
9,17,1,4,19,18,0,-1,2021-06-14 15:37:27.925
-15,-5,-18,-16,-7,18,17,-14,2021-06-14 15:37:27.958
24,22,6,-2,12,13,24,6,2021-06-14 15:37:27.976
10,5,-14,-19,-13,-15,-26,1,2021-06-14 15:37:27.992
-2,-27,-9,-6,-7,-13,-13,-4,2021-06-14 15:37:28.007
-4,4,4,-2,-3,-2,-3,2,2021-06-14 15:37:28.026
10,13,2,1,12,28,27,22,2021-06-14 15:37:28.042
12,9,2,3,2,-11,-19,7,2021-06-14 15:37:28.058
-2,2,-1,-10,-30,0,-9,-8,2021-06-14 15:37:28.077
-3,3,-2,0,7,12,16,-2,2021-06-14 15:37:28.093
-3,3,-2,0,7,12,16,-2,2021-06-14 15:37:28.109
-9,-45,-10,-4,1,-2,3,-9,2021-06-14 15:37:28.127
1,-2,-1,6,10,-7,-12,-9,2021-06-14 15:37:28.159
0,5,5,2,6,10,24,9,2021-06-14 15:37:28.175
-1,4,-2,-4,-6,-15,-3,1,2021-06-14 15:37:28.193
-11,-2,-1,0,0,-7,-7,-12,2021-06-14 15:37:28.208
-10,-3,-1,-3,-1,6,2,-1,2021-06-14 15:37:28.226
-1,-2,-4,-3,-6,-7,-4,-2,2021-06-14 15:37:28.243
-6,-4,-3,-4,-1,12,-2,-13,2021-06-14 15:37:28.259
1,0,0,-1,-2,-21,-9,4,2021-06-14 15:37:28.276
-4,-2,-1,-4,-2,6,0,-4,2021-06-14 15:37:28.293
-4,-2,-1,-4,-2,6,0,-4,2021-06-14 15:37:28.308
0,0,0,-1,-1,-9,1,2,2021-06-14 15:37:28.326
-1,0,1,0,-2,-9,-7,-2,2021-06-14 15:37:28.342
9,1,2,2,8,25,21,25,2021-06-14 15:37:28.376
2,-2,-1,-2,0,2,7,8,2021-06-14 15:37:28.392
2,-2,-1,-2,0,2,7,8,2021-06-14 15:37:28.408
-7,-2,-1,-2,-4,-12,-10,-6,2021-06-14 15:37:28.424
-5,1,-1,-1,-5,-9,-7,-8,2021-06-14 15:37:28.443
-3,0,-2,-2,-4,-5,-1,0,2021-06-14 15:37:28.459
1,1,-1,2,1,-1,-2,-3,2021-06-14 15:37:28.476
1,1,-1,2,1,-1,-2,-3,2021-06-14 15:37:28.492
0,0,1,0,0,2,1,-1,2021-06-14 15:37:28.509
-13,-4,0,-2,-1,-4,-4,-4,2021-06-14 15:37:28.525
2,-3,-1,-1,-1,-3,-2,-1,2021-06-14 15:37:28.544
-1,-1,0,0,1,2,2,1,2021-06-14 15:37:28.575
0,1,-2,-2,-4,-10,-8,-4,2021-06-14 15:37:28.594
0,1,-2,-2,-4,-10,-8,-4,2021-06-14 15:37:28.610
0,-1,-1,-1,-2,1,0,-1,2021-06-14 15:37:28.625
0,0,-1,-3,-1,0,-1,-1,2021-06-14 15:37:28.643
1,-2,-2,-2,0,-1,0,1,2021-06-14 15:37:28.659
1,-3,-2,1,-1,-1,-3,-3,2021-06-14 15:37:28.677
0,3,-1,1,1,3,1,1,2021-06-14 15:37:28.693
0,3,-1,1,1,3,1,1,2021-06-14 15:37:28.710
0,-2,-2,-2,-2,-1,-2,-2,2021-06-14 15:37:28.726
1,0,0,0,1,0,3,1,2021-06-14 15:37:28.744
-2,1,0,-2,-3,-3,-2,-3,2021-06-14 15:37:28.776
-2,1,0,-2,-3,-3,-2,-3,2021-06-14 15:37:28.793
-2,0,-3,0,-2,-2,-1,-2,2021-06-14 15:37:28.810
-2,0,-3,0,-2,-2,-1,-2,2021-06-14 15:37:28.825
-10,-10,-1,-5,-1,-1,-1,-3,2021-06-14 15:37:28.846
-55,-61,-21,-11,-5,-6,-4,-16,2021-06-14 15:37:28.863
3,16,1,-11,-4,-3,-3,-1,2021-06-14 15:37:28.878
3,16,1,-11,-4,-3,-3,-1,2021-06-14 15:37:28.894
21,8,0,1,1,5,3,6,2021-06-14 15:37:28.910
8,12,2,-9,-30,-79,-60,-9,2021-06-14 15:37:28.928
11,9,4,7,18,57,46,11,2021-06-14 15:37:28.943
4,8,5,7,7,15,3,1,2021-06-14 15:37:28.960
1,3,0,-2,0,-2,4,2,2021-06-14 15:37:28.993
1,3,3,4,9,10,1,-1,2021-06-14 15:37:29.010
2,1,-1,0,3,3,8,4,2021-06-14 15:37:29.029
-1,0,0,1,1,-5,-4,0,2021-06-14 15:37:29.042
